id,취미이유
0,스트레스 해소
1,자기계발
1,스트레스 해소
2,자기계발
2,스트레스 해소
3,자기계발
3,스트레스 해소
4,스트레스 해소
5,자기계발
5,스트레스 해소
6,스트레스 해소
6,새로운 만남
7,스트레스 해소
8,새로운 만남
9,스트레스 해소
9,새로운 만남
10,스트레스 해소
11,스트레스 해소
12,자기계발
12,스트레스 해소
13,자기계발
13,스트레스 해소
14,자기계발
14,스트레스 해소
15,스트레스 해소
16,자기계발
16,스트레스 해소
17,스트레스 해소
18,스트레스 해소
19,자기계발
19,스트레스 해소
19,연인과의 행복한 시간
20,자기계발
20,스트레스 해소
21,자기계발
21,스트레스 해소
21,새로운 만남
22,스트레스 해소
22,연인과의 행복한 시간
22,친구와의 진득한 시간
23,스트레스 해소
24,자기계발
24,스트레스 해소
24,친구와의 진득한 시간
25,자기계발
25,스트레스 해소
26,스트레스 해소
27,스트레스 해소
28,스트레스 해소
28,매일 하는 거라서
29,스트레스 해소
30,자기계발
30,스트레스 해소
31,스트레스 해소
31,연인과의 행복한 시간
31,소소한 부업
32,스트레스 해소
33,자기계발
33,스트레스 해소
33,새로운 만남
34,스트레스 해소
35,스트레스 해소
36,자기계발
36,스트레스 해소
37,자기계발
37,스트레스 해소
38,스트레스 해소
38,새로운 만남
38,업무
39,자기계발
39,스트레스 해소
39,새로운 만남
39,건강증진
40,스트레스 해소
41,자기계발
41,스트레스 해소
41,건강...
42,자기계발
42,스트레스 해소
43,스트레스 해소
44,그냥 좋아요
45,자기계발
45,스트레스 해소
46,스트레스 해소
47,자기계발
47,스트레스 해소
47,새로운 만남
48,자기계발
48,스트레스 해소
48,새로운 만남
48,친구와의 진득한 시간
49,자기계발
49,스트레스 해소
50,스트레스 해소
51,자기계발
51,스트레스 해소
52,스트레스 해소
52,건강관리 
53,자기계발
53,스트레스 해소
53,새로운 만남
53,친구와의 진득한 시간
54,자기계발
54,스트레스 해소
55,스트레스 해소
56,스트레스 해소
57,자기계발
57,스트레스 해소
58,자기계발
58,스트레스 해소
59,자기계발
59,스트레스 해소
59,새로운 만남
60,스트레스 해소
61,자기계발
61,스트레스 해소
62,스트레스 해소
63,스트레스 해소
64,자기계발
64,스트레스 해소
65,스트레스 해소
66,자기계발
66,스트레스 해소
66,연인과의 행복한 시간
66,친구와의 진득한 시간
67,자기계발
67,스트레스 해소
68,자기계발
69,스트레스 해소
70,스트레스 해소
71,자기계발
71,스트레스 해소
72,스트레스 해소
73,자기계발
73,스트레스 해소
73,자기만족
74,스트레스 해소
75,스트레스 해소
75,친구와의 진득한 시간
76,스트레스 해소
77,스트레스 해소
77,새로운 만남
78,자기계발
78,스트레스 해소
79,스트레스 해소
79,새로운 만남
80,자기계발
80,스트레스 해소
81,스트레스 해소
82,스트레스 해소
82,연인과의 행복한 시간
83,자기계발
83,스트레스 해소
84,스트레스 해소
85,스트레스 해소
86,스트레스 해소
87,자기계발
87,스트레스 해소
88,자기계발
88,스트레스 해소
89,자기계발
89,스트레스 해소
89,새로운 만남
89,친구와의 진득한 시간
90,자기계발
90,스트레스 해소
91,자기계발
91,스트레스 해소
92,자기계발
92,스트레스 해소
93,자기계발
93,스트레스 해소
94,자기계발
94,스트레스 해소
95,스트레스 해소
96,스트레스 해소
96,친구와의 진득한 시간
97,스트레스 해소
98,스트레스 해소
99,스트레스 해소
100,스트레스 해소
101,스트레스 해소
101,연인과의 행복한 시간
102,스트레스 해소
103,스트레스 해소
104,스트레스 해소
105,습관
106,자기계발
106,스트레스 해소
106,건강한 몸을 위해
107,스트레스 해소
107,친구와의 진득한 시간
108,자기계발
108,스트레스 해소
108,새로운 만남
108,연인과의 행복한 시간
108,친구와의 진득한 시간
109,스트레스 해소
110,스트레스 해소
111,스트레스 해소
111,연인과의 행복한 시간
112,자기계발
112,스트레스 해소
113,스트레스 해소
114,자기계발
114,스트레스 해소
114,연인과의 행복한 시간
114,친구와의 진득한 시간
115,자기계발
115,스트레스 해소
115,새로운 만남
116,자기계발
116,스트레스 해소
117,스트레스 해소
118,스트레스 해소
119,자기계발
119,스트레스 해소
120,스트레스 해소
121,자기계발
121,스트레스 해소
122,자기계발
122,스트레스 해소
122,연인과의 행복한 시간
123,자기계발
123,스트레스 해소
123,새로운 만남
123,친구와의 진득한 시간
124,자기계발
124,스트레스 해소
125,스트레스 해소
126,스트레스 해소
127,자기계발
127,스트레스 해소
128,자기계발
128,스트레스 해소
129,자기계발
129,스트레스 해소
130,자기계발
130,스트레스 해소
131,자기계발
131,스트레스 해소
132,자기계발
132,스트레스 해소
133,자기계발
133,스트레스 해소
133,친구와의 진득한 시간
134,스트레스 해소
135,자기계발
135,스트레스 해소
135,새로운 만남
135,연인과의 행복한 시간
135,친구와의 진득한 시간
136,자기계발
136,스트레스 해소
136,친구와의 진득한 시간
137,자기계발
137,스트레스 해소
